{
  "users": [
    {
      "id": "76a7cca6-ac30-4a9a-9b49-eccf32f53020",
      "fullname": "banana",
      "email": "banana@email.com",
      "password": "$2b$10$8Jcr8IMMvE2zPK0X4FVdh.ymrdPF5aJf9j6qp2dwUA6XoeiHHFQ1y",
      "created_at": "2025-10-17T13:25:17.090Z",
      "avatar_url": "https://res.cloudinary.com/dej9nrtuc/image/upload/v1761085769/troq_avatars/hq66iiou9ydvvbbtgl35.jpg"
    },
    {
      "id": "5282d2be-162f-4cda-9894-78ef4d7f2b76",
      "fullname": "FRANCISCO RICARDO",
      "email": "ricardosilvafrps@gmail.com",
      "password": "$2b$10$169rEcQ.OG2Mxz9EQDX5A.ux7Fr9kY584JFl1ri.Vn9KNNe8OPItC",
      "created_at": "2025-10-21T11:45:27.105Z"
    },
    {
      "id": "cf38235c-ee91-4229-aa4e-f0dd52078aa3",
      "fullname": "cereja",
      "email": "cereja@email.com",
      "password": "$2b$10$4NST1g48cvGvBxCdMH00d.4vyLMuKj2kzwD4gkBHgdpLwwEJhK.A6",
      "created_at": "2025-10-21T22:41:38.247Z",
      "avatar_url": null
    },
    {
      "id": "76276fc8-96af-4630-b2c4-b196bee3fe3a",
      "fullname": "abacaxi",
      "email": "abacaxi@email.com",
      "password": "$2b$10$lrsuMfBUQTwTIyFCcJZVM.1D5KxeP1Dbdg6qtDxUuQd/Np2rKVrd2",
      "created_at": "2025-10-21T22:41:54.489Z",
      "avatar_url": null
    },
    {
      "id": "dbf76885-4f12-4230-abda-3fea98bde6a9",
      "fullname": "amora",
      "email": "amora@email.com",
      "password": "$2b$10$72wcKeIlxEsdeRZ1NWaks.8VBiUU8KtkQytccbVTM3QKDiYeNP./O",
      "created_at": "2025-10-21T22:42:05.651Z",
      "avatar_url": null
    }
  ],
  "offers": []
}