{
  "users": [
    {
      "id": "76a7cca6-ac30-4a9a-9b49-eccf32f53020",
      "fullname": "banana",
      "email": "banana@email.com",
      "password": "$2b$10$8Jcr8IMMvE2zPK0X4FVdh.ymrdPF5aJf9j6qp2dwUA6XoeiHHFQ1y",
      "created_at": "2025-10-17T13:25:17.090Z"
    },
    {
      "id": "5282d2be-162f-4cda-9894-78ef4d7f2b76",
      "fullname": "FRANCISCO RICARDO",
      "email": "ricardosilvafrps@gmail.com",
      "password": "$2b$10$169rEcQ.OG2Mxz9EQDX5A.ux7Fr9kY584JFl1ri.Vn9KNNe8OPItC",
      "created_at": "2025-10-21T11:45:27.105Z"
    }
  ],
  "offers": []
}